{
    "Ar36": {
        "error": 0.0004493177188575615, 
        "filter_outliers_dict": {
            "filter_outliers": true, 
            "iterations": 1, 
            "std_devs": 2
        }, 
        "fit": "Linear", 
        "value": 0.034462649317260806
    }, 
    "Ar37": {
        "error": 0.01090320715254883, 
        "filter_outliers_dict": {
            "filter_outliers": true, 
            "iterations": 1, 
            "std_devs": 2
        }, 
        "fit": "linear", 
        "value": 0.7723356634274211
    }, 
    "Ar38": {
        "error": 0.00572681697406103, 
        "filter_outliers_dict": {
            "filter_outliers": true, 
            "iterations": 1, 
            "std_devs": 2
        }, 
        "fit": "linear", 
        "value": 4.4495059346839545
    }, 
    "Ar39": {
        "error": 0.027697159297059258, 
        "filter_outliers_dict": {
            "filter_outliers": true, 
            "iterations": 1, 
            "std_devs": 2
        }, 
        "fit": "Linear", 
        "value": 348.46220928857633
    }, 
    "Ar40": {
        "error": 0.12632927792026133, 
        "filter_outliers_dict": {
            "filter_outliers": true, 
            "iterations": 1, 
            "std_devs": 2
        }, 
        "fit": "Linear", 
        "value": 2914.8264174240703
    }, 
    "PM41": {
        "error": 0.07393923699487569, 
        "filter_outliers_dict": {
            "filter_outliers": false, 
            "iterations": 1, 
            "std_devs": 2
        }, 
        "fit": "linear", 
        "value": -0.02504178157782661
    }
}