{
    "Ar36": {
        "error": 0.000361131911049561, 
        "filter_outliers_dict": {
            "filter_outliers": true, 
            "iterations": 1, 
            "std_devs": 2
        }, 
        "fit": "Linear", 
        "value": 0.021468286563516445
    }, 
    "Ar37": {
        "error": 0.010439589423258028, 
        "filter_outliers_dict": {
            "filter_outliers": true, 
            "iterations": 1, 
            "std_devs": 2
        }, 
        "fit": "linear", 
        "value": 0.5127933537015114
    }, 
    "Ar38": {
        "error": 0.0053109517662613594, 
        "filter_outliers_dict": {
            "filter_outliers": true, 
            "iterations": 1, 
            "std_devs": 2
        }, 
        "fit": "linear", 
        "value": 2.7403035509465736
    }, 
    "Ar39": {
        "error": 0.032656563158530154, 
        "filter_outliers_dict": {
            "filter_outliers": true, 
            "iterations": 1, 
            "std_devs": 2
        }, 
        "fit": "Linear", 
        "value": 214.29297163682875
    }, 
    "Ar40": {
        "error": 0.07103863887412945, 
        "filter_outliers_dict": {
            "filter_outliers": true, 
            "iterations": 1, 
            "std_devs": 2
        }, 
        "fit": "Linear", 
        "value": 1785.7443995760013
    }, 
    "PM41": {
        "error": 0.06503671185189679, 
        "filter_outliers_dict": {
            "filter_outliers": false, 
            "iterations": 1, 
            "std_devs": 2
        }, 
        "fit": "linear", 
        "value": -0.06128964023268299
    }
}