{
    "Ar36": {
        "error": 0.0003560565926999466, 
        "filter_outliers_dict": {
            "filter_outliers": true, 
            "iterations": 1, 
            "std_devs": 2
        }, 
        "fit": "Linear", 
        "value": 0.02100672890649937
    }, 
    "Ar37": {
        "error": 0.010444392054691987, 
        "filter_outliers_dict": {
            "filter_outliers": true, 
            "iterations": 1, 
            "std_devs": 2
        }, 
        "fit": "linear", 
        "value": 0.322273379671613
    }, 
    "Ar38": {
        "error": 0.0047652185039913945, 
        "filter_outliers_dict": {
            "filter_outliers": true, 
            "iterations": 1, 
            "std_devs": 2
        }, 
        "fit": "linear", 
        "value": 2.2146133393019385
    }, 
    "Ar39": {
        "error": 0.029095688646652237, 
        "filter_outliers_dict": {
            "filter_outliers": true, 
            "iterations": 1, 
            "std_devs": 2
        }, 
        "fit": "Linear", 
        "value": 170.27650716590634
    }, 
    "Ar40": {
        "error": 0.08252050828543737, 
        "filter_outliers_dict": {
            "filter_outliers": true, 
            "iterations": 1, 
            "std_devs": 2
        }, 
        "fit": "Linear", 
        "value": 1419.6566754907547
    }, 
    "PM41": {
        "error": 0.06496607792341595, 
        "filter_outliers_dict": {
            "filter_outliers": false, 
            "iterations": 1, 
            "std_devs": 2
        }, 
        "fit": "linear", 
        "value": -0.07592666107158226
    }
}