{
    "Ar36": {
        "error": 0.0003975246165515972, 
        "filter_outliers_dict": {
            "filter_outliers": true, 
            "iterations": 1, 
            "std_devs": 2
        }, 
        "fit": "Linear", 
        "value": 0.025142590537705248
    }, 
    "Ar37": {
        "error": 0.010090634650906349, 
        "filter_outliers_dict": {
            "filter_outliers": true, 
            "iterations": 1, 
            "std_devs": 2
        }, 
        "fit": "linear", 
        "value": 0.3203318912487709
    }, 
    "Ar38": {
        "error": 0.00472268610625327, 
        "filter_outliers_dict": {
            "filter_outliers": true, 
            "iterations": 1, 
            "std_devs": 2
        }, 
        "fit": "linear", 
        "value": 1.9377496310465174
    }, 
    "Ar39": {
        "error": 0.022993557147504656, 
        "filter_outliers_dict": {
            "filter_outliers": true, 
            "iterations": 1, 
            "std_devs": 2
        }, 
        "fit": "Linear", 
        "value": 150.8724412044894
    }, 
    "Ar40": {
        "error": 0.0609842077113429, 
        "filter_outliers_dict": {
            "filter_outliers": true, 
            "iterations": 1, 
            "std_devs": 2
        }, 
        "fit": "Linear", 
        "value": 1250.8155698775552
    }, 
    "PM41": {
        "error": 0.0687094132195305, 
        "filter_outliers_dict": {
            "filter_outliers": false, 
            "iterations": 1, 
            "std_devs": 2
        }, 
        "fit": "linear", 
        "value": -0.06961845716459678
    }
}