{
    "Ar36": {
        "error": 0.00036107344389373167, 
        "filter_outliers_dict": {
            "filter_outliers": true, 
            "iterations": 1, 
            "std_devs": 2
        }, 
        "fit": "Linear", 
        "value": 0.019613324075062215
    }, 
    "Ar37": {
        "error": 0.011328078932310588, 
        "filter_outliers_dict": {
            "filter_outliers": true, 
            "iterations": 1, 
            "std_devs": 2
        }, 
        "fit": "linear", 
        "value": 0.29822282320756144
    }, 
    "Ar38": {
        "error": 0.004446068974021109, 
        "filter_outliers_dict": {
            "filter_outliers": true, 
            "iterations": 1, 
            "std_devs": 2
        }, 
        "fit": "linear", 
        "value": 1.6802357201384526
    }, 
    "Ar39": {
        "error": 0.02357938643933128, 
        "filter_outliers_dict": {
            "filter_outliers": true, 
            "iterations": 1, 
            "std_devs": 2
        }, 
        "fit": "Linear", 
        "value": 130.43232155152074
    }, 
    "Ar40": {
        "error": 0.05858034857610882, 
        "filter_outliers_dict": {
            "filter_outliers": true, 
            "iterations": 1, 
            "std_devs": 2
        }, 
        "fit": "Linear", 
        "value": 1064.5758915687488
    }, 
    "PM41": {
        "error": 0.06959276930532202, 
        "filter_outliers_dict": {
            "filter_outliers": false, 
            "iterations": 1, 
            "std_devs": 2
        }, 
        "fit": "linear", 
        "value": -0.08594135873732038
    }
}