{
    "Ar36": {
        "error": 0.00043820230433572096, 
        "filter_outliers_dict": {
            "filter_outliers": true, 
            "iterations": 1, 
            "std_devs": 2
        }, 
        "fit": "Linear", 
        "value": 0.026974596767916876
    }, 
    "Ar37": {
        "error": 0.010151827198731785, 
        "filter_outliers_dict": {
            "filter_outliers": true, 
            "iterations": 1, 
            "std_devs": 2
        }, 
        "fit": "linear", 
        "value": 0.03953756522590577
    }, 
    "Ar38": {
        "error": 0.00502225949872445, 
        "filter_outliers_dict": {
            "filter_outliers": true, 
            "iterations": 1, 
            "std_devs": 2
        }, 
        "fit": "linear", 
        "value": 0.8258724886646363
    }, 
    "Ar39": {
        "error": 0.017300131937696864, 
        "filter_outliers_dict": {
            "filter_outliers": true, 
            "iterations": 1, 
            "std_devs": 2
        }, 
        "fit": "Linear", 
        "value": 64.79090646342303
    }, 
    "Ar40": {
        "error": 0.05790378120850368, 
        "filter_outliers_dict": {
            "filter_outliers": true, 
            "iterations": 1, 
            "std_devs": 2
        }, 
        "fit": "Linear", 
        "value": 804.9595781958766
    }, 
    "PM41": {
        "error": 0.06933020183554937, 
        "filter_outliers_dict": {
            "filter_outliers": false, 
            "iterations": 1, 
            "std_devs": 2
        }, 
        "fit": "linear", 
        "value": -0.13217464868172074
    }
}