{
    "Ar36": {
        "error": 0.0002137750243112087, 
        "filter_outliers_dict": {
            "filter_outliers": true, 
            "iterations": 1, 
            "std_devs": 2
        }, 
        "fit": "Parabolic", 
        "value": 0.008956321942504132
    }, 
    "Ar37": {
        "error": 0.005529786043902652, 
        "filter_outliers_dict": {
            "filter_outliers": true, 
            "iterations": 1, 
            "std_devs": 2
        }, 
        "fit": "linear", 
        "value": 0.03082873515218744
    }, 
    "Ar38": {
        "error": 0.0022957539482799365, 
        "filter_outliers_dict": {
            "filter_outliers": true, 
            "iterations": 1, 
            "std_devs": 2
        }, 
        "fit": "linear", 
        "value": -0.0137535957249293
    }, 
    "Ar39": {
        "error": 0.008801662931646378, 
        "filter_outliers_dict": {
            "filter_outliers": true, 
            "iterations": 1, 
            "std_devs": 2
        }, 
        "fit": "Parabolic", 
        "value": -0.0694768662151515
    }, 
    "Ar40": {
        "error": 0.0075222295212168605, 
        "filter_outliers_dict": {
            "filter_outliers": true, 
            "iterations": 1, 
            "std_devs": 2
        }, 
        "fit": "Parabolic", 
        "value": 1.4172581618439377
    }, 
    "PM41": {
        "error": 0.06471572866145965, 
        "filter_outliers_dict": {
            "filter_outliers": false, 
            "iterations": 1, 
            "std_devs": 2
        }, 
        "fit": "linear", 
        "value": -0.1724805635626021
    }
}